<?xml version="1.0" encoding="UTF-8"?>
<project-private xmlns="http://www.netbeans.org/ns/project-private/1">
    <editor-bookmarks xmlns="http://www.netbeans.org/ns/editor-bookmarks/2" lastBookmarkId="0"/>
    <open-files xmlns="http://www.netbeans.org/ns/projectui-open-files/2">
        <group>
            <file>file:/C:/Users/neela/OneDrive/Documents/NetBeansProjects/project%20managmnt%20system/src/Test.java</file>
            <file>file:/C:/Users/neela/OneDrive/Documents/NetBeansProjects/project%20managmnt%20system/src/project/managmnt/system/ContactStudent.java</file>
            <file>file:/C:/Users/neela/OneDrive/Documents/NetBeansProjects/project%20managmnt%20system/src/project/managmnt/system/Timetable1.java</file>
            <file>file:/C:/Users/neela/OneDrive/Documents/NetBeansProjects/project%20managmnt%20system/src/project/managmnt/system/ProjectManagmntSystem.java</file>
            <file>file:/C:/Users/neela/OneDrive/Documents/NetBeansProjects/project%20managmnt%20system/src/project/managmnt/system/DbUtils.java</file>
            <file>file:/C:/Users/neela/OneDrive/Documents/NetBeansProjects/project%20managmnt%20system/src/project/managmnt/system/login.java</file>
            <file>file:/C:/Users/neela/OneDrive/Documents/NetBeansProjects/project%20managmnt%20system/src/project/managmnt/system/syllabuspdf.java</file>
            <file>file:/C:/Users/neela/OneDrive/Documents/NetBeansProjects/project%20managmnt%20system/src/project/managmnt/system/Teacherlogin.java</file>
            <file>file:/C:/Users/neela/OneDrive/Documents/NetBeansProjects/project%20managmnt%20system/src/project/managmnt/system/Conn.java</file>
            <file>file:/C:/Users/neela/OneDrive/Documents/NetBeansProjects/project%20managmnt%20system/src/project/managmnt/system/TeaTimeTable.java</file>
            <file>file:/C:/Users/neela/OneDrive/Documents/NetBeansProjects/project%20managmnt%20system/src/project/managmnt/system/Studentdetails1.java</file>
            <file>file:/C:/Users/neela/OneDrive/Documents/NetBeansProjects/project%20managmnt%20system/src/project/managmnt/system/TeacherZone.java</file>
            <file>file:/C:/Users/neela/OneDrive/Documents/NetBeansProjects/project%20managmnt%20system/src/project/managmnt/system/loginchoice1.java</file>
            <file>file:/C:/Users/neela/OneDrive/Documents/NetBeansProjects/project%20managmnt%20system/src/project/managmnt/system/viewassignment.java</file>
            <file>file:/C:/Users/neela/OneDrive/Documents/NetBeansProjects/project%20managmnt%20system/src/project/managmnt/system/Forgetpassword.java</file>
            <file>file:/C:/Users/neela/OneDrive/Documents/NetBeansProjects/project%20managmnt%20system/src/project/managmnt/system/ContactTeacher.java</file>
            <file>file:/C:/Users/neela/OneDrive/Documents/NetBeansProjects/project%20managmnt%20system/src/project/managmnt/system/Timetable.java</file>
        </group>
    </open-files>
</project-private>
